m, n, rs_src, cs_src, rs_dst, cs_dst, result
16, 16, 16, 1, 16, 1, PASS
144, 144, 144, 1, 144, 1, PASS
272, 272, 272, 1, 272, 1, PASS
400, 400, 400, 1, 400, 1, PASS
528, 528, 528, 1, 528, 1, PASS
656, 656, 656, 1, 656, 1, PASS
784, 784, 784, 1, 784, 1, PASS
912, 912, 912, 1, 912, 1, PASS
m, n, rs_src, cs_src, rs_dst, cs_dst, result
16, 16, 1, 16, 1, 16, PASS
144, 144, 1, 144, 1, 144, PASS
272, 272, 1, 272, 1, 272, PASS
400, 400, 1, 400, 1, 400, PASS
528, 528, 1, 528, 1, 528, PASS
656, 656, 1, 656, 1, 656, PASS
784, 784, 1, 784, 1, 784, PASS
912, 912, 1, 912, 1, 912, PASS
m, n, rs_src, cs_src, rs_dst, cs_dst, result
16, 16, 16, 1, 1, 16, PASS
144, 144, 144, 1, 1, 144, PASS
272, 272, 272, 1, 1, 272, PASS
400, 400, 400, 1, 1, 400, PASS
528, 528, 528, 1, 1, 528, PASS
656, 656, 656, 1, 1, 656, PASS
784, 784, 784, 1, 1, 784, PASS
912, 912, 912, 1, 1, 912, PASS
m, n, rs_src, cs_src, rs_dst, cs_dst, result
16, 16, 1, 16, 16, 1, PASS
144, 144, 1, 144, 144, 1, PASS
272, 272, 1, 272, 272, 1, PASS
400, 400, 1, 400, 400, 1, PASS
528, 528, 1, 528, 528, 1, PASS
656, 656, 1, 656, 656, 1, PASS
784, 784, 1, 784, 784, 1, PASS
912, 912, 1, 912, 912, 1, PASS
m, n, rs_src, cs_src, rs_dst, cs_dst, result
16, 16, 2, 16, 16, 2, PASS
144, 144, 2, 144, 144, 2, PASS
272, 272, 2, 272, 272, 2, PASS
400, 400, 2, 400, 400, 2, PASS
528, 528, 2, 528, 528, 2, PASS
656, 656, 2, 656, 656, 2, PASS
784, 784, 2, 784, 784, 2, PASS
912, 912, 2, 912, 912, 2, PASS
m, n, rs_src, cs_src, rs_dst, cs_dst, result
16, 16, 16, 1, 1, 16, PASS
144, 16, 16, 1, 1, 16, PASS
272, 16, 16, 1, 1, 16, PASS
400, 16, 16, 1, 1, 16, PASS
528, 16, 16, 1, 1, 16, PASS
656, 16, 16, 1, 1, 16, PASS
784, 16, 16, 1, 1, 16, PASS
912, 16, 16, 1, 1, 16, PASS
m, n, rs_src, cs_src, rs_dst, cs_dst, result
2, 2, 2, 1, 1, 2, PASS
2, 4, 4, 1, 1, 4, PASS
2, 6, 6, 1, 1, 6, PASS
2, 8, 8, 1, 1, 8, PASS
2, 10, 10, 1, 1, 10, PASS
2, 12, 12, 1, 1, 12, PASS
2, 14, 14, 1, 1, 14, PASS
m, n, rs_src, cs_src, rs_dst, cs_dst, result
2, 2, 2, 1, 2, 1, PASS
4, 4, 4, 1, 4, 1, PASS
6, 6, 6, 1, 6, 1, PASS
8, 8, 8, 1, 8, 1, PASS
10, 10, 10, 1, 10, 1, PASS
12, 12, 12, 1, 12, 1, PASS
14, 14, 14, 1, 14, 1, PASS
m, n, rs_src, cs_src, rs_dst, cs_dst, result
2, 2, 1, 2, 1, 2, PASS
4, 4, 1, 4, 1, 4, PASS
6, 6, 1, 6, 1, 6, PASS
8, 8, 1, 8, 1, 8, PASS
10, 10, 1, 10, 1, 10, PASS
12, 12, 1, 12, 1, 12, PASS
14, 14, 1, 14, 1, 14, PASS
m, n, rs_src, cs_src, rs_dst, cs_dst, result
2, 2, 2, 1, 1, 2, PASS
4, 4, 4, 1, 1, 4, PASS
6, 6, 6, 1, 1, 6, PASS
8, 8, 8, 1, 1, 8, PASS
10, 10, 10, 1, 1, 10, PASS
12, 12, 12, 1, 1, 12, PASS
14, 14, 14, 1, 1, 14, PASS
m, n, rs_src, cs_src, rs_dst, cs_dst, result
2, 2, 1, 2, 2, 1, PASS
4, 4, 1, 4, 4, 1, PASS
6, 6, 1, 6, 6, 1, PASS
8, 8, 1, 8, 8, 1, PASS
10, 10, 1, 10, 10, 1, PASS
12, 12, 1, 12, 12, 1, PASS
14, 14, 1, 14, 14, 1, PASS
m, n, rs_src, cs_src, rs_dst, cs_dst, result
2, 2, 2, 2, 2, 2, PASS
4, 4, 2, 4, 4, 2, PASS
6, 6, 2, 6, 6, 2, PASS
8, 8, 2, 8, 8, 2, PASS
10, 10, 2, 10, 10, 2, PASS
12, 12, 2, 12, 12, 2, PASS
14, 14, 2, 14, 14, 2, PASS
m, n, rs_src, cs_src, rs_dst, cs_dst, result
2, 2, 2, 1, 1, 2, PASS
4, 2, 2, 1, 1, 2, PASS
6, 2, 2, 1, 1, 2, PASS
8, 2, 2, 1, 1, 2, PASS
10, 2, 2, 1, 1, 2, PASS
12, 2, 2, 1, 1, 2, PASS
14, 2, 2, 1, 1, 2, PASS
m, n, rs_src, cs_src, rs_dst, cs_dst, result
2, 2, 2, 1, 1, 2, PASS
2, 4, 4, 1, 1, 4, PASS
2, 6, 6, 1, 1, 6, PASS
2, 8, 8, 1, 1, 8, PASS
2, 10, 10, 1, 1, 10, PASS
2, 12, 12, 1, 1, 12, PASS
2, 14, 14, 1, 1, 14, PASS
m, n, rs_src, cs_src, rs_dst, cs_dst, result
2, 2, 2, 1, 2, 1, PASS
4, 4, 4, 1, 4, 1, PASS
6, 6, 6, 1, 6, 1, PASS
8, 8, 8, 1, 8, 1, PASS
10, 10, 10, 1, 10, 1, PASS
12, 12, 12, 1, 12, 1, PASS
14, 14, 14, 1, 14, 1, PASS
m, n, rs_src, cs_src, rs_dst, cs_dst, result
2, 2, 1, 2, 1, 2, PASS
4, 4, 1, 4, 1, 4, PASS
6, 6, 1, 6, 1, 6, PASS
8, 8, 1, 8, 1, 8, PASS
10, 10, 1, 10, 1, 10, PASS
12, 12, 1, 12, 1, 12, PASS
14, 14, 1, 14, 1, 14, PASS
m, n, rs_src, cs_src, rs_dst, cs_dst, result
2, 2, 2, 1, 1, 2, PASS
4, 4, 4, 1, 1, 4, PASS
6, 6, 6, 1, 1, 6, PASS
8, 8, 8, 1, 1, 8, PASS
10, 10, 10, 1, 1, 10, PASS
12, 12, 12, 1, 1, 12, PASS
14, 14, 14, 1, 1, 14, PASS
m, n, rs_src, cs_src, rs_dst, cs_dst, result
2, 2, 1, 2, 2, 1, PASS
4, 4, 1, 4, 4, 1, PASS
6, 6, 1, 6, 6, 1, PASS
8, 8, 1, 8, 8, 1, PASS
10, 10, 1, 10, 10, 1, PASS
12, 12, 1, 12, 12, 1, PASS
14, 14, 1, 14, 14, 1, PASS
m, n, rs_src, cs_src, rs_dst, cs_dst, result
2, 2, 2, 2, 2, 2, PASS
4, 4, 2, 4, 4, 2, PASS
6, 6, 2, 6, 6, 2, PASS
8, 8, 2, 8, 8, 2, PASS
10, 10, 2, 10, 10, 2, PASS
12, 12, 2, 12, 12, 2, PASS
14, 14, 2, 14, 14, 2, PASS
m, n, rs_src, cs_src, rs_dst, cs_dst, result
2, 2, 2, 1, 1, 2, PASS
4, 2, 2, 1, 1, 2, PASS
6, 2, 2, 1, 1, 2, PASS
8, 2, 2, 1, 1, 2, PASS
10, 2, 2, 1, 1, 2, PASS
12, 2, 2, 1, 1, 2, PASS
14, 2, 2, 1, 1, 2, PASS
m, n, rs_src, cs_src, rs_dst, cs_dst, result
2, 2, 2, 1, 1, 2, PASS
2, 4, 4, 1, 1, 4, PASS
2, 6, 6, 1, 1, 6, PASS
2, 8, 8, 1, 1, 8, PASS
2, 10, 10, 1, 1, 10, PASS
2, 12, 12, 1, 1, 12, PASS
2, 14, 14, 1, 1, 14, PASS
m, n, rs_src, cs_src, rs_dst, cs_dst, result
2, 2, 2, 1, 2, 1, PASS
4, 4, 4, 1, 4, 1, PASS
6, 6, 6, 1, 6, 1, PASS
8, 8, 8, 1, 8, 1, PASS
10, 10, 10, 1, 10, 1, PASS
12, 12, 12, 1, 12, 1, PASS
14, 14, 14, 1, 14, 1, PASS
m, n, rs_src, cs_src, rs_dst, cs_dst, result
2, 2, 1, 2, 1, 2, PASS
4, 4, 1, 4, 1, 4, PASS
6, 6, 1, 6, 1, 6, PASS
8, 8, 1, 8, 1, 8, PASS
10, 10, 1, 10, 1, 10, PASS
12, 12, 1, 12, 1, 12, PASS
14, 14, 1, 14, 1, 14, PASS
m, n, rs_src, cs_src, rs_dst, cs_dst, result
2, 2, 2, 1, 1, 2, PASS
4, 4, 4, 1, 1, 4, PASS
6, 6, 6, 1, 1, 6, PASS
8, 8, 8, 1, 1, 8, PASS
10, 10, 10, 1, 1, 10, PASS
12, 12, 12, 1, 1, 12, PASS
14, 14, 14, 1, 1, 14, PASS
m, n, rs_src, cs_src, rs_dst, cs_dst, result
2, 2, 1, 2, 2, 1, PASS
4, 4, 1, 4, 4, 1, PASS
6, 6, 1, 6, 6, 1, PASS
8, 8, 1, 8, 8, 1, PASS
10, 10, 1, 10, 10, 1, PASS
12, 12, 1, 12, 12, 1, PASS
14, 14, 1, 14, 14, 1, PASS
m, n, rs_src, cs_src, rs_dst, cs_dst, result
2, 2, 2, 2, 2, 2, PASS
4, 4, 2, 4, 4, 2, PASS
6, 6, 2, 6, 6, 2, PASS
8, 8, 2, 8, 8, 2, PASS
10, 10, 2, 10, 10, 2, PASS
12, 12, 2, 12, 12, 2, PASS
14, 14, 2, 14, 14, 2, PASS
m, n, rs_src, cs_src, rs_dst, cs_dst, result
2, 2, 2, 1, 1, 2, PASS
4, 2, 2, 1, 1, 2, PASS
6, 2, 2, 1, 1, 2, PASS
8, 2, 2, 1, 1, 2, PASS
10, 2, 2, 1, 1, 2, PASS
12, 2, 2, 1, 1, 2, PASS
14, 2, 2, 1, 1, 2, PASS
m, n, rs_src, cs_src, rs_dst, cs_dst, result
2, 2, 2, 1, 1, 2, PASS
2, 4, 4, 1, 1, 4, PASS
2, 6, 6, 1, 1, 6, PASS
2, 8, 8, 1, 1, 8, PASS
2, 10, 10, 1, 1, 10, PASS
2, 12, 12, 1, 1, 12, PASS
2, 14, 14, 1, 1, 14, PASS
m, n, rs_src, cs_src, rs_dst, cs_dst, result
2, 2, 2, 1, 2, 1, PASS
6, 6, 6, 1, 6, 1, PASS
10, 10, 10, 1, 10, 1, PASS
14, 14, 14, 1, 14, 1, PASS
18, 18, 18, 1, 18, 1, PASS
22, 22, 22, 1, 22, 1, PASS
26, 26, 26, 1, 26, 1, PASS
30, 30, 30, 1, 30, 1, PASS
m, n, rs_src, cs_src, rs_dst, cs_dst, result
2, 2, 1, 2, 1, 2, PASS
6, 6, 1, 6, 1, 6, PASS
10, 10, 1, 10, 1, 10, PASS
14, 14, 1, 14, 1, 14, PASS
18, 18, 1, 18, 1, 18, PASS
22, 22, 1, 22, 1, 22, PASS
26, 26, 1, 26, 1, 26, PASS
30, 30, 1, 30, 1, 30, PASS
m, n, rs_src, cs_src, rs_dst, cs_dst, result
2, 2, 2, 1, 1, 2, PASS
6, 6, 6, 1, 1, 6, PASS
10, 10, 10, 1, 1, 10, PASS
14, 14, 14, 1, 1, 14, PASS
18, 18, 18, 1, 1, 18, PASS
22, 22, 22, 1, 1, 22, PASS
26, 26, 26, 1, 1, 26, PASS
30, 30, 30, 1, 1, 30, PASS
m, n, rs_src, cs_src, rs_dst, cs_dst, result
2, 2, 1, 2, 2, 1, PASS
6, 6, 1, 6, 6, 1, PASS
10, 10, 1, 10, 10, 1, PASS
14, 14, 1, 14, 14, 1, PASS
18, 18, 1, 18, 18, 1, PASS
22, 22, 1, 22, 22, 1, PASS
26, 26, 1, 26, 26, 1, PASS
30, 30, 1, 30, 30, 1, PASS
m, n, rs_src, cs_src, rs_dst, cs_dst, result
2, 2, 2, 2, 2, 2, PASS
6, 6, 2, 6, 6, 2, PASS
10, 10, 2, 10, 10, 2, PASS
14, 14, 2, 14, 14, 2, PASS
18, 18, 2, 18, 18, 2, PASS
22, 22, 2, 22, 22, 2, PASS
26, 26, 2, 26, 26, 2, PASS
30, 30, 2, 30, 30, 2, PASS
m, n, rs_src, cs_src, rs_dst, cs_dst, result
2, 2, 2, 1, 1, 2, PASS
6, 2, 2, 1, 1, 2, PASS
10, 2, 2, 1, 1, 2, PASS
14, 2, 2, 1, 1, 2, PASS
18, 2, 2, 1, 1, 2, PASS
22, 2, 2, 1, 1, 2, PASS
26, 2, 2, 1, 1, 2, PASS
30, 2, 2, 1, 1, 2, PASS
m, n, rs_src, cs_src, rs_dst, cs_dst, result
2, 2, 2, 1, 1, 2, PASS
2, 6, 6, 1, 1, 6, PASS
2, 10, 10, 1, 1, 10, PASS
2, 14, 14, 1, 1, 14, PASS
2, 18, 18, 1, 1, 18, PASS
2, 22, 22, 1, 1, 22, PASS
2, 26, 26, 1, 1, 26, PASS
2, 30, 30, 1, 1, 30, PASS
m, n, rs_src, cs_src, rs_dst, cs_dst, result
4, 4, 4, 1, 4, 1, PASS
8, 8, 8, 1, 8, 1, PASS
12, 12, 12, 1, 12, 1, PASS
16, 16, 16, 1, 16, 1, PASS
20, 20, 20, 1, 20, 1, PASS
24, 24, 24, 1, 24, 1, PASS
28, 28, 28, 1, 28, 1, PASS
m, n, rs_src, cs_src, rs_dst, cs_dst, result
4, 4, 1, 4, 1, 4, PASS
8, 8, 1, 8, 1, 8, PASS
12, 12, 1, 12, 1, 12, PASS
16, 16, 1, 16, 1, 16, PASS
20, 20, 1, 20, 1, 20, PASS
24, 24, 1, 24, 1, 24, PASS
28, 28, 1, 28, 1, 28, PASS
m, n, rs_src, cs_src, rs_dst, cs_dst, result
4, 4, 4, 1, 1, 4, PASS
8, 8, 8, 1, 1, 8, PASS
12, 12, 12, 1, 1, 12, PASS
16, 16, 16, 1, 1, 16, PASS
20, 20, 20, 1, 1, 20, PASS
24, 24, 24, 1, 1, 24, PASS
28, 28, 28, 1, 1, 28, PASS
m, n, rs_src, cs_src, rs_dst, cs_dst, result
4, 4, 1, 4, 4, 1, PASS
8, 8, 1, 8, 8, 1, PASS
12, 12, 1, 12, 12, 1, PASS
16, 16, 1, 16, 16, 1, PASS
20, 20, 1, 20, 20, 1, PASS
24, 24, 1, 24, 24, 1, PASS
28, 28, 1, 28, 28, 1, PASS
m, n, rs_src, cs_src, rs_dst, cs_dst, result
4, 4, 2, 4, 4, 2, PASS
8, 8, 2, 8, 8, 2, PASS
12, 12, 2, 12, 12, 2, PASS
16, 16, 2, 16, 16, 2, PASS
20, 20, 2, 20, 20, 2, PASS
24, 24, 2, 24, 24, 2, PASS
28, 28, 2, 28, 28, 2, PASS
m, n, rs_src, cs_src, rs_dst, cs_dst, result
4, 4, 4, 1, 1, 4, PASS
8, 4, 4, 1, 1, 4, PASS
12, 4, 4, 1, 1, 4, PASS
16, 4, 4, 1, 1, 4, PASS
20, 4, 4, 1, 1, 4, PASS
24, 4, 4, 1, 1, 4, PASS
28, 4, 4, 1, 1, 4, PASS
m, n, rs_src, cs_src, rs_dst, cs_dst, result
4, 4, 4, 1, 1, 4, PASS
4, 8, 8, 1, 1, 8, PASS
4, 12, 12, 1, 1, 12, PASS
4, 16, 16, 1, 1, 16, PASS
4, 20, 20, 1, 1, 20, PASS
4, 24, 24, 1, 1, 24, PASS
4, 28, 28, 1, 1, 28, PASS
m, n, rs_src, cs_src, rs_dst, cs_dst, result
4, 4, 4, 1, 4, 1, PASS
8, 8, 8, 1, 8, 1, PASS
12, 12, 12, 1, 12, 1, PASS
16, 16, 16, 1, 16, 1, PASS
20, 20, 20, 1, 20, 1, PASS
24, 24, 24, 1, 24, 1, PASS
28, 28, 28, 1, 28, 1, PASS
m, n, rs_src, cs_src, rs_dst, cs_dst, result
4, 4, 1, 4, 1, 4, PASS
8, 8, 1, 8, 1, 8, PASS
12, 12, 1, 12, 1, 12, PASS
16, 16, 1, 16, 1, 16, PASS
20, 20, 1, 20, 1, 20, PASS
24, 24, 1, 24, 1, 24, PASS
28, 28, 1, 28, 1, 28, PASS
m, n, rs_src, cs_src, rs_dst, cs_dst, result
4, 4, 4, 1, 1, 4, PASS
8, 8, 8, 1, 1, 8, PASS
12, 12, 12, 1, 1, 12, PASS
16, 16, 16, 1, 1, 16, PASS
20, 20, 20, 1, 1, 20, PASS
24, 24, 24, 1, 1, 24, PASS
28, 28, 28, 1, 1, 28, PASS
m, n, rs_src, cs_src, rs_dst, cs_dst, result
4, 4, 1, 4, 4, 1, PASS
8, 8, 1, 8, 8, 1, PASS
12, 12, 1, 12, 12, 1, PASS
16, 16, 1, 16, 16, 1, PASS
20, 20, 1, 20, 20, 1, PASS
24, 24, 1, 24, 24, 1, PASS
28, 28, 1, 28, 28, 1, PASS
m, n, rs_src, cs_src, rs_dst, cs_dst, result
4, 4, 2, 4, 4, 2, PASS
8, 8, 2, 8, 8, 2, PASS
12, 12, 2, 12, 12, 2, PASS
16, 16, 2, 16, 16, 2, PASS
20, 20, 2, 20, 20, 2, PASS
24, 24, 2, 24, 24, 2, PASS
28, 28, 2, 28, 28, 2, PASS
m, n, rs_src, cs_src, rs_dst, cs_dst, result
4, 4, 4, 1, 1, 4, PASS
8, 4, 4, 1, 1, 4, PASS
12, 4, 4, 1, 1, 4, PASS
16, 4, 4, 1, 1, 4, PASS
20, 4, 4, 1, 1, 4, PASS
24, 4, 4, 1, 1, 4, PASS
28, 4, 4, 1, 1, 4, PASS
m, n, rs_src, cs_src, rs_dst, cs_dst, result
4, 4, 4, 1, 1, 4, PASS
4, 8, 8, 1, 1, 8, PASS
4, 12, 12, 1, 1, 12, PASS
4, 16, 16, 1, 1, 16, PASS
4, 20, 20, 1, 1, 20, PASS
4, 24, 24, 1, 1, 24, PASS
4, 28, 28, 1, 1, 28, PASS
m, n, rs_src, cs_src, rs_dst, cs_dst, result
4, 4, 4, 1, 4, 1, PASS
8, 8, 8, 1, 8, 1, PASS
12, 12, 12, 1, 12, 1, PASS
16, 16, 16, 1, 16, 1, PASS
20, 20, 20, 1, 20, 1, PASS
24, 24, 24, 1, 24, 1, PASS
28, 28, 28, 1, 28, 1, PASS
m, n, rs_src, cs_src, rs_dst, cs_dst, result
4, 4, 1, 4, 1, 4, PASS
8, 8, 1, 8, 1, 8, PASS
12, 12, 1, 12, 1, 12, PASS
16, 16, 1, 16, 1, 16, PASS
20, 20, 1, 20, 1, 20, PASS
24, 24, 1, 24, 1, 24, PASS
28, 28, 1, 28, 1, 28, PASS
m, n, rs_src, cs_src, rs_dst, cs_dst, result
4, 4, 4, 1, 1, 4, PASS
8, 8, 8, 1, 1, 8, PASS
12, 12, 12, 1, 1, 12, PASS
16, 16, 16, 1, 1, 16, PASS
20, 20, 20, 1, 1, 20, PASS
24, 24, 24, 1, 1, 24, PASS
28, 28, 28, 1, 1, 28, PASS
m, n, rs_src, cs_src, rs_dst, cs_dst, result
4, 4, 1, 4, 4, 1, PASS
8, 8, 1, 8, 8, 1, PASS
12, 12, 1, 12, 12, 1, PASS
16, 16, 1, 16, 16, 1, PASS
20, 20, 1, 20, 20, 1, PASS
24, 24, 1, 24, 24, 1, PASS
28, 28, 1, 28, 28, 1, PASS
m, n, rs_src, cs_src, rs_dst, cs_dst, result
4, 4, 2, 4, 4, 2, PASS
8, 8, 2, 8, 8, 2, PASS
12, 12, 2, 12, 12, 2, PASS
16, 16, 2, 16, 16, 2, PASS
20, 20, 2, 20, 20, 2, PASS
24, 24, 2, 24, 24, 2, PASS
28, 28, 2, 28, 28, 2, PASS
m, n, rs_src, cs_src, rs_dst, cs_dst, result
4, 4, 4, 1, 1, 4, PASS
8, 4, 4, 1, 1, 4, PASS
12, 4, 4, 1, 1, 4, PASS
16, 4, 4, 1, 1, 4, PASS
20, 4, 4, 1, 1, 4, PASS
24, 4, 4, 1, 1, 4, PASS
28, 4, 4, 1, 1, 4, PASS
m, n, rs_src, cs_src, rs_dst, cs_dst, result
4, 4, 4, 1, 1, 4, PASS
4, 8, 8, 1, 1, 8, PASS
4, 12, 12, 1, 1, 12, PASS
4, 16, 16, 1, 1, 16, PASS
4, 20, 20, 1, 1, 20, PASS
4, 24, 24, 1, 1, 24, PASS
4, 28, 28, 1, 1, 28, PASS
m, n, rs_src, cs_src, rs_dst, cs_dst, result
4, 4, 4, 1, 4, 1, PASS
8, 8, 8, 1, 8, 1, PASS
12, 12, 12, 1, 12, 1, PASS
16, 16, 16, 1, 16, 1, PASS
20, 20, 20, 1, 20, 1, PASS
24, 24, 24, 1, 24, 1, PASS
28, 28, 28, 1, 28, 1, PASS
m, n, rs_src, cs_src, rs_dst, cs_dst, result
4, 4, 1, 4, 1, 4, PASS
8, 8, 1, 8, 1, 8, PASS
12, 12, 1, 12, 1, 12, PASS
16, 16, 1, 16, 1, 16, PASS
20, 20, 1, 20, 1, 20, PASS
24, 24, 1, 24, 1, 24, PASS
28, 28, 1, 28, 1, 28, PASS
m, n, rs_src, cs_src, rs_dst, cs_dst, result
4, 4, 4, 1, 1, 4, PASS
8, 8, 8, 1, 1, 8, PASS
12, 12, 12, 1, 1, 12, PASS
16, 16, 16, 1, 1, 16, PASS
20, 20, 20, 1, 1, 20, PASS
24, 24, 24, 1, 1, 24, PASS
28, 28, 28, 1, 1, 28, PASS
m, n, rs_src, cs_src, rs_dst, cs_dst, result
4, 4, 1, 4, 4, 1, PASS
8, 8, 1, 8, 8, 1, PASS
12, 12, 1, 12, 12, 1, PASS
16, 16, 1, 16, 16, 1, PASS
20, 20, 1, 20, 20, 1, PASS
24, 24, 1, 24, 24, 1, PASS
28, 28, 1, 28, 28, 1, PASS
m, n, rs_src, cs_src, rs_dst, cs_dst, result
4, 4, 2, 4, 4, 2, PASS
8, 8, 2, 8, 8, 2, PASS
12, 12, 2, 12, 12, 2, PASS
16, 16, 2, 16, 16, 2, PASS
20, 20, 2, 20, 20, 2, PASS
24, 24, 2, 24, 24, 2, PASS
28, 28, 2, 28, 28, 2, PASS
m, n, rs_src, cs_src, rs_dst, cs_dst, result
4, 4, 4, 1, 1, 4, PASS
8, 4, 4, 1, 1, 4, PASS
12, 4, 4, 1, 1, 4, PASS
16, 4, 4, 1, 1, 4, PASS
20, 4, 4, 1, 1, 4, PASS
24, 4, 4, 1, 1, 4, PASS
28, 4, 4, 1, 1, 4, PASS
m, n, rs_src, cs_src, rs_dst, cs_dst, result
4, 4, 4, 1, 1, 4, PASS
4, 8, 8, 1, 1, 8, PASS
4, 12, 12, 1, 1, 12, PASS
4, 16, 16, 1, 1, 16, PASS
4, 20, 20, 1, 1, 20, PASS
4, 24, 24, 1, 1, 24, PASS
4, 28, 28, 1, 1, 28, PASS
m, n, rs_src, cs_src, rs_dst, cs_dst, result
4, 4, 4, 1, 4, 1, PASS
8, 8, 8, 1, 8, 1, PASS
12, 12, 12, 1, 12, 1, PASS
16, 16, 16, 1, 16, 1, PASS
20, 20, 20, 1, 20, 1, PASS
24, 24, 24, 1, 24, 1, PASS
28, 28, 28, 1, 28, 1, PASS
m, n, rs_src, cs_src, rs_dst, cs_dst, result
4, 4, 1, 4, 1, 4, PASS
8, 8, 1, 8, 1, 8, PASS
12, 12, 1, 12, 1, 12, PASS
16, 16, 1, 16, 1, 16, PASS
20, 20, 1, 20, 1, 20, PASS
24, 24, 1, 24, 1, 24, PASS
28, 28, 1, 28, 1, 28, PASS
m, n, rs_src, cs_src, rs_dst, cs_dst, result
4, 4, 4, 1, 1, 4, PASS
8, 8, 8, 1, 1, 8, PASS
12, 12, 12, 1, 1, 12, PASS
16, 16, 16, 1, 1, 16, PASS
20, 20, 20, 1, 1, 20, PASS
24, 24, 24, 1, 1, 24, PASS
28, 28, 28, 1, 1, 28, PASS
m, n, rs_src, cs_src, rs_dst, cs_dst, result
4, 4, 1, 4, 4, 1, PASS
8, 8, 1, 8, 8, 1, PASS
12, 12, 1, 12, 12, 1, PASS
16, 16, 1, 16, 16, 1, PASS
20, 20, 1, 20, 20, 1, PASS
24, 24, 1, 24, 24, 1, PASS
28, 28, 1, 28, 28, 1, PASS
m, n, rs_src, cs_src, rs_dst, cs_dst, result
4, 4, 2, 4, 4, 2, PASS
8, 8, 2, 8, 8, 2, PASS
12, 12, 2, 12, 12, 2, PASS
16, 16, 2, 16, 16, 2, PASS
20, 20, 2, 20, 20, 2, PASS
24, 24, 2, 24, 24, 2, PASS
28, 28, 2, 28, 28, 2, PASS
m, n, rs_src, cs_src, rs_dst, cs_dst, result
4, 4, 4, 1, 1, 4, PASS
8, 4, 4, 1, 1, 4, PASS
12, 4, 4, 1, 1, 4, PASS
16, 4, 4, 1, 1, 4, PASS
20, 4, 4, 1, 1, 4, PASS
24, 4, 4, 1, 1, 4, PASS
28, 4, 4, 1, 1, 4, PASS
m, n, rs_src, cs_src, rs_dst, cs_dst, result
4, 4, 4, 1, 1, 4, PASS
4, 8, 8, 1, 1, 8, PASS
4, 12, 12, 1, 1, 12, PASS
4, 16, 16, 1, 1, 16, PASS
4, 20, 20, 1, 1, 20, PASS
4, 24, 24, 1, 1, 24, PASS
4, 28, 28, 1, 1, 28, PASS
m, n, rs_src, cs_src, rs_dst, cs_dst, result
4, 4, 4, 1, 4, 1, PASS
8, 8, 8, 1, 8, 1, PASS
12, 12, 12, 1, 12, 1, PASS
16, 16, 16, 1, 16, 1, PASS
20, 20, 20, 1, 20, 1, PASS
24, 24, 24, 1, 24, 1, PASS
28, 28, 28, 1, 28, 1, PASS
m, n, rs_src, cs_src, rs_dst, cs_dst, result
4, 4, 1, 4, 1, 4, PASS
8, 8, 1, 8, 1, 8, PASS
12, 12, 1, 12, 1, 12, PASS
16, 16, 1, 16, 1, 16, PASS
20, 20, 1, 20, 1, 20, PASS
24, 24, 1, 24, 1, 24, PASS
28, 28, 1, 28, 1, 28, PASS
m, n, rs_src, cs_src, rs_dst, cs_dst, result
4, 4, 4, 1, 1, 4, PASS
8, 8, 8, 1, 1, 8, PASS
12, 12, 12, 1, 1, 12, PASS
16, 16, 16, 1, 1, 16, PASS
20, 20, 20, 1, 1, 20, PASS
24, 24, 24, 1, 1, 24, PASS
28, 28, 28, 1, 1, 28, PASS
m, n, rs_src, cs_src, rs_dst, cs_dst, result
4, 4, 1, 4, 4, 1, PASS
8, 8, 1, 8, 8, 1, PASS
12, 12, 1, 12, 12, 1, PASS
16, 16, 1, 16, 16, 1, PASS
20, 20, 1, 20, 20, 1, PASS
24, 24, 1, 24, 24, 1, PASS
28, 28, 1, 28, 28, 1, PASS
m, n, rs_src, cs_src, rs_dst, cs_dst, result
4, 4, 2, 4, 4, 2, PASS
8, 8, 2, 8, 8, 2, PASS
12, 12, 2, 12, 12, 2, PASS
16, 16, 2, 16, 16, 2, PASS
20, 20, 2, 20, 20, 2, PASS
24, 24, 2, 24, 24, 2, PASS
28, 28, 2, 28, 28, 2, PASS
m, n, rs_src, cs_src, rs_dst, cs_dst, result
4, 4, 4, 1, 1, 4, PASS
8, 4, 4, 1, 1, 4, PASS
12, 4, 4, 1, 1, 4, PASS
16, 4, 4, 1, 1, 4, PASS
20, 4, 4, 1, 1, 4, PASS
24, 4, 4, 1, 1, 4, PASS
28, 4, 4, 1, 1, 4, PASS
m, n, rs_src, cs_src, rs_dst, cs_dst, result
4, 4, 4, 1, 1, 4, PASS
4, 8, 8, 1, 1, 8, PASS
4, 12, 12, 1, 1, 12, PASS
4, 16, 16, 1, 1, 16, PASS
4, 20, 20, 1, 1, 20, PASS
4, 24, 24, 1, 1, 24, PASS
4, 28, 28, 1, 1, 28, PASS
